GNU Autoconf THANKS file

GNU Autoconf was originally written by David J. MacKenzie.  It would
not be what it is today without the invaluable help of these people,
who have reported problems, suggested improvements, or submitted
actual code.  Please help us keep this list complete and free from
errors.  Also see the AUTHORS file for the list of people with
contributions significant enough to warrant copyright assignment.

Aaron Crane                 aaronc@pobox.com
Aaron M. Ucko               amu@alum.mit.edu
Adam J. Richter             adam@yggdrasil.com
Aharon Robbins              arnold@gnu.org
Akim Demaille               akim@freefriends.org
Akinori Musha               knu@iDaemons.org
Alain Knaff                 Alain.Knaff@imag.fr
Albert Chin-A-Young         china@thewrittenword.com
Alec Wolman                 wolman@cs.washington.edu
Alex Unleashed              unledev@gmail.com
Alexander Kurz              alexander.kurz@qsc.de
Alexander Mai               ?
Alexandre Duret-Lutz        duret_g@epita.fr
Alexandre Julliard          ?
Alexandre Oliva             oliva@lsd.ic.unicamp.br
Andreas Buening             andreas.buening@nexgo.de
Andreas Jaeger              aj@suse.de
Andreas Schott              schott@rzg.mpg.de
Andreas Schwab              schwab@issan.informatik.uni-dortmund.de
Andreas Waechter            andreasw@watson.ibm.com
Andrej Borsenkow            borsenkow.msk@sni.de
Andrew Belov                ?
Andrew Church               achurch@achurch.org
Andrey Simonenko            simon@comsys.ntu-kpi.kiev.ua
Anthony N. Frasso           afrasso@yahoo.com
Art Haas                    ahaas@neosoft.com
Arto C. Nirkko              ?
Artur Frysiak               wiget@pld.org.pl
Assar Westerlund            assar@sics.se
Axel Thimm                  Axel.Thimm@physik.fu-berlin.de
Ben Elliston                bje@redhat.com
Ben Pfaff                   pfaffben@debian.org
Bill Moseley                moseley@hank.org
Bill Northcott              w.northcott@unsw.edu.au
Bill Sommerfeld             sommerfeld@apollo.hp.com
Bob Friesenhahn             bfriesen@simple.dallas.tx.us
Bob Proulx                  bob@proulx.com
Bob Rossi                   bob_rossi@cox.net
Bob Wilson                  bwilson@tensilica.com
Brad Walker                 me@bradmwalker.com
Braden McDaniel             braden@endoframe.com
Bram Moolenaar              bram@vim.org
Brian Gough                 bjg@network-theory.co.uk
Bruce Korb                  bkorb@gnu.org
Bruce Lilly                 ?
Bruno Haible                haible@ilog.fr
Björn Lindqvist             bjourne@gmail.com
Carl Edman                  cedman@princeton.edu
Carlos Velasco              carlosev@newipnet.com
Chad R. Larson              chad@anasazi.com
Charles 'Buck' Krasic       krasic@cs.ubc.ca
Chris P. Ross               cross@uu.net
Chris Pickett               chris.pickett@mail.mcgill.ca
Chris Provenzano            proven@cygnus.com
Chris Torek                 torek@bsdi.com
Christian Cornelssen        ccorn@cs.tu-berlin.de
Christian Krackowizer       ckrackowiz@std.schuler-ag.com
Christian Krone             krischan@sql.de
Christopher Hulbert         cchgroupmail@gmail.com
Christopher Lee             chrislee@ri.cmu.edu
Cort Dougan                 cort@cs.nmt.edu
D'Arcy A MacIsaac           ?
Dalibor Topic               robilad@kaffe.org
Dan Manthey                 dan_manthey@partech.com
Daniel Carroll              dan@mesastate.edu
Daniel Jacobowitz           drow@mvista.com
Daniel Reed                 ?
Daniele Arena               daniele@ripe.net
Dave Adams                  adams@hpesdwa.fc.hp.com
Dave Erickson               retrorandomaccess@hotmail.com
Dave Love                   fx@gnu.org
David Byron                 dbyron@hheld.com
David Carter                david@carter.net
David Fang                  fang@csl.cornell.edu
David J. MacKenzie          djm@uunet.uu.net
David M. Lloyd              dmlloyd@tds.net
David Morgan                dmorgan@symark.com
David Relson                relson@osagesoftware.com
Dennis J. Linse             ?
Derek R. Price              derek.price@openavenue.com
Didier Desseaux             didess@infonie.fr
Didier Verna                didier@xemacs.org
Dietmar P. Schindler        schd@mra.man.de
Doug Evans                  dje@canuck.cygnus.com
Dries Kimpe                 ?
Edouard Bechetoille         ebecheto@ens-lyon.fr
Elbert Pol                  elbert.pol@gmail.com
Eli Zaretskii               eliz@gnu.org
Elias Pipping               pipping@macports.org
Enrique Robledo Arnuncio    enrique.robledo@wanadoo.es
Erez Zadok                  ezk@cs.columbia.edu
Eric Backus                 ericb@lsid.hp.com
Eric Blake                  ebb9@byu.net
Eric Lemings                lemings@roguewave.com
Eric Mumpower               nocturne@mit.edu
Eric Paire                  ?
Eric Sunshine               sunshine@sunshineco.com
Ezra Peisach                epeisach@zif.mit.edu
Fedor Sergeev               ?
Felix Lee                   flee@cygnus.com
Franceseco Romani           fromani@gmail.com
Frank Denis                 j@jedi.claranet.fr
François Pinard             pinard@iro.umontreal.ca
Fred Kreek                  Fred.Kreek@kadaster.nl
Frederik Fouvry             fouvry@CoLi.Uni-SB.DE
Gareth McCaughan            gareth.mccaughan@pobox.com
Gary V. Vaughan             gvaughan@oranda.demon.co.uk
Geir Ove Myhr               myhr@stud.fim.ntnu.no
Gerrit P. Haase             gp@familiehaase.de
Gideon Go                   gideon.go@gmail.com
Giuseppe Guerrini           guisguerrini@racine.ra.it
Glenn P. Davis              davis@unidata.ucar.edu
Godmar Back                 gback@cs.utah.edu
Gordon Matzigkeit           gord@trick.fig.org
Graham Jenkins              c714553@vus415.telstra.com.au
Greg A. Woods               woods@weird.com
Greg Schafer                gschafer@zip.com.au
Gregorio Guidi              ?
Gregory Giannoni            sand@narguile.org
Guido Draheim               Guido.Draheim@gmx.de
Guido Flohr                 gufl0000@stud.uni-sb.de
Guido van Rossum            ?
Guillermo Gomez             gomez@mi.uni-erlangen.de
H. Merijn Brand             h.m.brand@hccnet.nl
H. Peter Anvin              ?
H.J. Lu                     hjl@gnu.org
Hallvard B Furuseth         h.b.furuseth@usit.uio.no
Hans Aberg                  haberg@math.su.se
Hans Olsson                 Hans.Olsson@dna.lth.se
Hans Ulrich Niedermann      hun@n-dimensional.de
Harlan Stenn                stenn@whimsy.udel.edu
Henk Krus                   h.krus@cyclone.nl
Howard Chu                  hyc@highlandsun.com
Ian Lance Taylor            ian@cygnus.com
Ian Macdonald               iamacdo@telkomsa.net
Ian Redfern                 Ian.Redfern@logicacmg.com
Ilya Zakharevich            ilya@Math.Berkeley.EDU
Ineiev                      ineiev@yahoo.co.uk
Iohannes m zmoelnig         zmoelnig@iem.at
J C Fitzgerald              v7022@wave.co.nz
Jaap Haitsma                jaap@haitsma.org
James A. Lupo               lupoja@feynman.ml.wpafb.af.mil
Jason Molenda               jsm@cygnus.com
Jeff Garzik                 jgarzik@pobox.com
Jeff Painter                ?
Jeff Squyres                jsquyres@cisco.com
Jeffrey A Law               law@cygnus.com
Jeffrey J. Barteet          ?
Jennis Pruett               ?
Jens Petersen               petersen@redhat.com
Jeremy Yallop               jeremy@yallop.org
Jerker Bäck                 jerker.back@home.se
Jim Blandy                  jimb@wookumz.gnu.ai.mit.edu
Jim Meyering                meyering@ascend.com
Jiro Takabatake             jiro@din.or.jp
Jochen Friedrich            jochen@scram.de
Joel E. Denny               jdenny@ces.clemson.edu
Johan Danielsson            joda@pdc.kth.se
John Calcote                john.calcote@gmail.com
John David Anglin           dave@hiauly1.hia.nrc.ca
John Fortin                 fortinj@attglobal.net
John Interrante             interran@uluru.stanford.edu
John W. Eaton               jwe@bevo.che.wisc.edu
Jonathan Kamens             jik@kamens.brookline.ma.us
Josef Tran                  josef@timetrackertechnology.com
Joseph S. Myers             jsm28@cam.ac.uk
Jules Colding               colding@42tools.com
Julian Onions               j.onions@nexor.co.uk
Julien Danjou               acid@debian.org
Julio Garvia                ?
Justace Clutter             ?
Jörn Rennecke               amylaar@cygnus.co.uk
Karl Berry                  karl@cs.umb.edu
Karl Heuer                  kwzh@gnu.org
Karsten Hopp                karsten@redhat.com
Kate Hedstrom               ?
Kathryn Hargreaves          kathryn@deas.harvard.edu
Kaveh R. Ghazi              ghazi@caip.rutgers.edu
Keith Bostic                bostic@abyssinian.sleepycat.com
Keith Marshall              keith.marshall@total.com
Kelly Anderson              tgcorp@attglobal.net
Ken Pizzini                 ken@halcyon.com
Ken Raeburn                 raeburn@cygnus.com
Kevin Ryde                  user42@zip.com.au
Klee Dienes                 kdienes@apple.com
Koji Arai                   JCA02266@nifty.ne.jp
Kristian Kvilekval          kris@cs.ucsb.edu
Kurt D. Zeilenga            kurt@openldap.org
Larry Jones                 larry.jones@sdrc.com
Larry Schmitt               larry@mail.haleakalawebdesigns.com
Larry Schwimmer             rosebud@cyclone.stanford.edu
Lars Hecking                lhecking@nmrc.ucc.ie
Lars J. Aas                 larsa@sim.no
Laurence Darbe              ldarby@tuffmail.com
Leo Moisio                  leo.moisio@gmail.com
Loulou Pouchet              loulou@lrde.epita.fr
Ludovic Courtes             ?
Magnus Therning             therning@gforge.natlab.research.philips.com
Manu                        manubee@wanadoo.fr
Marc Espie                  Marc.Espie@liafa.jussieu.fr
Marcus Brinkmann            ?
Marcus Daniels              marcus@sysc.pdx.edu
Marcus Thiessel             marcus@xemacs.org
Mark Cave-Ayland            ?
Mark D. Baushke             ?
Mark D. Roth                ?
Mark Elbrecht               snowball3@usa.net
Mark Kettenis               kettenis@gnu.org
Markku Savela               msa@msa.tte.vtt.fi
Markus Oberhumer            markus.oberhumer@jk.uni-linz.ac.at
Martin Buchholz             martin@xemacs.org
Martin Costabel             costabel@wanadoo.fr
Martin Frydl                martin@systinet.com
Martin Koeppe               mkoeppe@gmx.de
Martin Mokrejs              mmokrejs@natur.cuni.cz
Martin Wilck                martin@tropos.de
Martyn Johnson              Martyn.Johnson@cl.cam.ac.uk
Matej Tyc                   matej.tyc@gmail.com
Matteo Frigo                ?
Matthew D. Langston         langston@SLAC.Stanford.EDU
Matthew Mueller             donut@azstarnet.com
Matthew Woehlke             mw_triad@users.sourceforge.net
Matthias Andree             matthias.andree@gmx.de
Michael Elizabeth Chastain  chastain@cygnus.com
Michael Jenning             ?
Michael Matz                matz@kde.org
Michael Schoene             mrs@mlc.de
Michael Wardle              ?
Mike Frysinger              vapier@gentoo.org
Mike Hopkirk                hops@sco.com
Mike Stump                  mrs@wrs.com
Mikulas Patocka             ?
Miles Bader                 miles@gnu.ai.mit.edu
Mo DeJong                   mdejong@cygnus.com
Momchil Velkov              velco@fadata.bg
Morten Eriksen              mortene@sim.no
Motoyuki Kasahara           m-kasahr@sra.co.jp
Nathanael Nerode            neroden@gcc.gnu.org
Nelson H. F. Beebe          beebe@math.utah.edu
Nicolas Joly                njoly@pasteur.fr
Nicolás Lichtmaier          jnl@synapsis-sa.com.ar
Nishio Futoshi              fut_nis@d3.dion.ne.jp
Noah Elliott                elliott@hera.llnl.gov
Noah Friedman               friedman@gnu.ai.mit.edu
Noah Misch                  noah@cs.caltech.edu
Norman Gray                 ?
Olaf Lenz                   olenz@fias.uni-frankfurt.de
Ole Holm Nielsen            Ole.H.Nielsen@fysik.dtu.dk
Oliver Kiddle               opk@zsh.org
Olly Betts                  olly@survex.com
Ossama Othman               ossama@debian.org
Pallav Gupta                pallavgupta@gmail.com
Paolo Bonzini               bonzini@gnu.org
Patrick Tullmann            tullmann@cs.utah.edu
Patrick Welche              prlw1@newn.cam.ac.uk
Paul Berrevoets             paul@swi.com
Paul D. Smith               psmith@gnu.org
Paul Eggert                 eggert@cs.ucla.edu
Paul Gampe                  paulg@apnic.net
Paul Jarc                   prj@po.cwru.edu
Paul Martinolich            martinol@datasync.com
Paul Pogonyshev             ?
Paul Townsend               ?
Pavel Roskin                pavel_roskin@geocities.com
Per Øyvind Karlsen          peroyvind@mandriva.org
Peter Eisentraut            peter_e@gmx.net
Peter Hendrickson           pdh@wiredyne.com
Peter O'Gorman              peter@pogma.com
Peter Palfrader             weasel@debian.org
Peter Simons                simons@cryp.to
Peter Stephenson            pws@csr.com
Philipp Thomas              kthomas@gwdg.de
Philippe De Muyter          ?
Pierre                      pierre42d@9online.fr
Pontus Skoeld               pont@soua.net
Rainer Orth                 ro@TechFak.Uni-Bielefeld.DE
Raja R Harinath             harinath@cs.umn.edu
Ralf Corsepius              corsepiu@faw.uni-ulm.de
Ralf Menzel                 menzel@ls6.cs.uni-dortmund.de
Ralf S. Engelschall         rse@engelschall.com
Ralf Wildenhues             Ralf.Wildenhues@gmx.de
Reuben Thomas               rrt@sc3d.org
Richard Dawe                rich@phekda.freeserve.co.uk
Richard Stallman            rms@gnu.org
Robert Lipe                 robertlipe@usa.net
Robert S. Maier             rsm@math.arizona.edu
Roberto Bagnara             bagnara@cs.unipr.it
Roger Leigh                 rleigh@whinlatter.ukfsn.org
Roland McGrath              roland@gnu.org
Rolf Ebert                  rolf.ebert.gcc@gmx.de
Romain Lenglet              rlenglet@users.forge.objectweb.org
Ruediger Kuhlmann           info@ruediger-kuhlmann.de
Russ Allbery                rra@stanford.edu
Russ Boylan                 ross@biostat.ucsf.edu
Ryuji Abe                   raeva@t3.rim.or.jp
Sam Sexton                  Sam.Sexton@reuters.com
Sam Sirlin                  sam@kalessin.jpl.nasa.gov
Sam Varshavchik             mrsam@courier-mta.com
Sander Niemeijer            niemeijer@science-and-technology.nl
Scott Bambrough             scottb@corelcomputer.com
Scott Stanton               stanton@scriptics.com
Sebastian Freundt           hroptatyr@gna.org
Sergey Poznyakoff           ?
Simon Josefsson             jas@extundo.com
Simon Leinen                simon@lia.di.epfl.ch
Slava Sysoltsev             Viatcheslav.Sysoltsev@h-d-gmbh.de
Stefan Seefeld              stefan@codesourcery.com
Stefan `Sec' Zehl           ?
Stepan Kasal                kasal@ucw.cz
Stephen Gildea              filtered@against.spam
Stephen Rasku               srasku@mail.tantalus-systems.com
Steve Chamberlain           sac@cygnus.com
Steve Huston                shuston@riverace.com
Steve Robbins               steve@nyongwa.montreal.qc.ca
Steven G. Johnson           stevenj@alum.mit.edu
Stu Grossman                grossman@cygnus.com
Sumit Pandya                sumit@elitecore.com
Syd Polk                    spolk@cygnus.com
T.E. Dickey                 dickey@clark.net
Ted Bullock                 tbullock@canada.com
Theodore Ts'o               tytso@mit.edu
Thien-Thi Nguyen            ttn@gnu.org
Thomas Winder               tom@vlsivie.tuwien.ac.at
Tim Mooney                  mooney@dogbert.cc.ndsu.NoDak.edu
Tim Rice                    tim@multitalents.net
Tim Van Holder              tim.van.holder@pandora.be
Tom Epperly                 tepperly@llnl.gov
Tom Lane                    tgl@sss.pgh.pa.us
Tom Purcell                 Tom.Purcell@wang.com
Tom Tromey                  tromey@cygnus.com
Tom Yu                      tlyu@mit.edu
Tomohiro Suzuki             ?
Tony Leneis                 tony@plaza.ds.adp.com
Toshio Kuratomi             ?
Uwe Seimet                  us@orbacus.com
Vance Shipley               vances@motivity.ca
Viktor Dukhovni             viktor@anaheim.esm.com
Ville Karaila               karaila@iki.fi
Vincent Lefèvre             vincent@vinc17.org
Vincent Torri               vtorri at univ-evry.fr
Vladimir Volovich           vvv@vsu.ru
Volker Borchert             bt@teknon.de
Wayne Chapeskie             waynec@spinnaker.com
Werner Lemberg              wl@gnu.org
Wilfredo Sanchez            wsanchez@apple.com
Wolfgang Mueller            Wolfgang.Mueller@cui.unige.ch
Yury Puhalsky               pooh@cryptopro.ru
Zack Weinberg               zack@codesourcery.com
?                           Seanster@Seanster.com

Many people are not named here because we lost track of them.  We
thank them!  Please, help us keep this list up to date.

================

Local Variables:
mode: text
coding: utf-8
End:

Copyright (C) 1999, 2000, 2001, 2002, 2003, 2004, 2005, 2006, 2007, 2008
Free Software Foundation, Inc.

Permission is granted to copy, distribute and/or modify this document
under the terms of the GNU Free Documentation License, Version 1.2 or
any later version published by the Free Software Foundation; with no
Invariant Sections, with no Front-Cover Texts, and with no Back-Cover
Texts.  A copy of the license is included in the ``GNU Free
Documentation License'' file as part of this distribution.
